medicine_id,medicine_name
SERV0091,Virechana-Nitya **
SERV0092,Yoni Pichu **
SERV0093,Yoni Pooranam **
SERV0203,Group Yoga session for IP
SERV0365,Strapping Of Chest
SERV0366,Strapping of fingers
SERV0367,Oushadha 7
SERV0636,Wound Debridment - Special^
SERV0050,Virechanam
SERV0621,Lepam-Ekanga(Special) ^
SERV0637,Vaginal Polypectomy
SERV0638,Hasta prasadana (Manicure)
SERV0639,Pada prasadana (Pedicure)
SERV0640,Straight Wire/MBT
SERV0413,Avagaham Sarvanga with kashaya ^
SERV0616,Dhoopana - Kesha
SERV0425,Ryles's Tube Insertion / catheterization
SERV0641,Ceramic
SERV0642,Functional
SERV0625,Dhanyamla Pinda Sweda - Sarvanga
SERV0603,Multi Station Gym -With Static Cycle(with Instructor)
SERV0604,Multi Station Gym -With Static Cycle(without Instructor)
SERV0605,Pichu (All joints)^
SERV0643,Functional followed by fixed
SERV0610,IR Therapy
SERV0611,Wound Debridment - Large
SERV0613,Wound Debridment - Medium
SERV0644,Expansion Hyrax
SERV0645,Dental Expansion
SERV0617,Pattabandhana
SERV0646,Dental Expansion Fixed
SERV0647,"Removable Appliance,ABP,Nance,Tongue crib"
SERV0629,Corn Excision - Medium
SERV0619,Lepam-Sarvaga(Special) ^
SERV0630,Corn Excision - Small
SERV0628,Leg Skin Traction
SERV0005,Ekanga Dhara
SERV0065,Lepam-Jihwa
SERV0465,BPMT Backbone & Spinal Support - STC
SERV0631,Yoni Lepam^
SERV0632,Yoni Kalka Dharanam^
SERV0618,Oil Application - Ekanga^
SERV0624,Oil Application - Ardhanga^
SERV0623,Oil Application - Sarvanga^
SERV0648,Splint
SERV0767,Navajatha Abhyangam^
SERV0633,Hand Splint(Single)
SERV0634,VIA (Visual Inspection with Acetic acid)
SERV0031,Pichu ^
SERV0044,Traction
SERV0070,Aschyotanam (Prakshalanam)-Netra ^
SERV0071,Sweda-SSPS(Navara Kizhi)-Netra
SERV0073,Tarpanam-Netra ^
SERV0077,Pichu-Shiro^
SERV0090,Agnikarma(Corn/Skin tags/Calcaneal spur))
SERV0341,Sweda-Valuka-Ardhanga ^
SERV0622,Avagaham-Ardhanga^
SERV0074,Vidalaka-Netra ^
SERV0348,Vasti-Asthapana-Ksheera samamsa^
SERV0620,Lepam-Ardhanga(Special) ^
SERV0412,Lepam Ekanga^
SERV0606,Shatahwadi Pinda Sweda - Sarvanga
SERV0329,Annalepanam (Njavara Teppu) ^
SERV0411,Lepam Sthanika^
SERV0417,Udwarthana-Kashaya (Ardhanga) ^
SERV0519,Lepam-Mastaka (Forehead) ^
SERV0615,Dhoopana - Sarvanga
SERV0626,Dhanyamla Pinda Sweda - Ardhanga
SERV0627,Dhanyamla Pinda Sweda - Ekanga
SERV0416,Udwarthana (Ekanga) ^
SERV0649,Breakages 2nd Onwards
SERV0419,Udwarthana-Taila (Ardhanga) ^
SERV0420,Udwarthana-Taila (Ekanga) ^
SERV0653,SL
SERV0655,Invisalign
SERV0609,Probing and Primary Threading
SERV0612,Wound Debridment - Big
SERV0010,Bandhana (Big Wound)
SERV0095,Avachurnam (Dusting) ^
SERV0097,Yoga session
SERV0107,Injection Prick
SERV0108,IV Fluids
SERV0110,Nebulization
SERV0111,Oxygen Supply per day
SERV0112,Per Rectal Examination
SERV0175,Oushadha Yoga
SERV0113,Per Vaginal Examination
SERV0114,Prachchanna Karma
SERV0123,Dietic Menu
SERV0124,Lifestyle Advise
SERV0001,Abhyanga
SERV0096,Sweda Ishtika
SERV0102,Bandhana (Small Wound)
SERV0003,Dhara-Dhanyamala-Sarvanga
SERV0103,Blood Transfusion
SERV0115,Seevana Karma (Suturing) / Suture
SERV0116,Siravyadha
SERV0117,Suction Machine Usage
SERV0118,Suture Removal per suture
SERV0665,Post & Core Composite
SERV0666,Post & Core Cast Post & Core
SERV0668,Premolar RCT
SERV0125,Diet therapy/Counselling
SERV0477,BPMT Backbone & Spinal Support - General Therapies
SERV0676,Bleaching In Office(2 Tubes)
SERV0206,Oushadha Yoga Service
SERV0126,Snehapana ^
SERV0129,Nasya-Pratimarsha
SERV0134,Jala Neti
SERV0136,Laghu Shankha Prakshalana
SERV0677,Bleaching Non-Vital Tooth
SERV0137,Minor Surgical/ParaSurgical Procedure
SERV0607,Shatahwadi Pinda Sweda - Ardhanga
SERV0200,Sadyo Vamana **
SERV0201,OP Group yoga weekly thrice
SERV0105,Foreign Body Extraction
SERV0106,Incision And Drainage
SERV0202,OP Group yoga (6 days)
SERV0608,Shatahwadi Pinda Sweda - Ekanga
SERV0415,Udwarthana (Ardhanga) ^
SERV0421,Prakruti Analysis
SERV0422,Lifestyle Management
SERV0423,General Health assessment
SERV0119,Vrana Dhupana
SERV0614,Wound Debridment - Small
SERV0104,Corn Excision - Large
SERV0414,Sweda-Valuka-Sarvanga^
SERV0120,Vrana Prakshlana
SERV0100,Seka-Netra **
SERV0424,Sweda-Nadi-Ekanga^
SERV0418,Udwarthana-Kashaya (Ekanga) ^
SERV0678,Bleaching Micro abrasion
SERV0122,Oil Application with hot fomentation **
SERV0679,Pit & Fissure Sealants
SERV0686,Poly Carbonate Crowns
SERV0687,Space Maintainers Removable
SERV0688,Space Maintainers Fixed Unilateral
SERV0689,Space Maintainers Fixed Bilateral
SERV0741,Remolar RCT
SERV0002,Avagaham
SERV0098,Dhara-Dhanyamla-Ekanga
SERV0029,Sweda-PPS(Elakizhi)-Ardhanga
SERV0026,Sweda-SSPS(Navara Kizhi)-Sarvanga
SERV0133,Yoga Consultation followup
SERV0132,Yogic Kriya
SERV0135,Vamana Dhouti
SERV0131,Yoga Consultation
SERV0024,Sweda JPS (Narangakizhi) Ekanga
SERV0023,Sweda-JPS(Narangakizhi)-Sarvanga
SERV0059,Dhara-Taila-Ardhanga*
SERV0062,Dhara-Takra-Ekanga
SERV0079,Dhara-Thakra-Shiro
SERV0072,Sweda-Putapakam-Netra
SERV0339,Vasti-Uttara (Female)^
SERV0650,Head Gear
SERV0505,BPMT weekend(2 days)
SERV0513,Vasti- Asthapana – Takra
SERV0227,Marma Manipulation
SERV0651,Head Gear + Splint/Activator
SERV0652,FF
SERV0654,Lingual
SERV0336,Vasti-Janu Single) ^
SERV0342,Sweda-Valuka-Ekanga^
SERV0075,Tarpanam-Padatala (Pedicure)
SERV0656,Clear Path
SERV0032,Dhara-Taila-Sarvanga*
SERV0088,Udwarthana-Kashaya (Sarvanga)
SERV0061,Dhara-Takra-Ardhanga
SERV0036,Dhara-Taila-Shiro*
SERV0042,Lepam (Thalapodichil) - Shiro
SERV0021,Lepam
SERV0657,Pendulum
SERV0658,Tip Edge
SERV0230,Cryo Therapy
SERV0218,Yoni Varti **
SERV0219,Wound Repair
SERV0231,Tilt Table
SERV0337,Vasti-Prushta ^
SERV0338,Vasti-Uttara (Male)^
SERV0659,Implants
SERV0343,Upnaham-Sandhi^
SERV0346,Sweda-Ishtika ^
SERV0349,Vasti-Uro(Hridaya) ^
SERV0350,Dilatation) and Curettage
SERV0351,Sand Therapy - Infant
SERV0362,POP Cast (Tibia)
SERV0364,Crepe Bandage
SERV0127,Lepam-Sarvanga^
SERV0204,Choorna
SERV0215,Abhyanga-Spl Marma Ardhanga^
SERV0216,Abhyanga-Spl Marma Ekanga^
SERV0217,Ksharakarma
SERV0220,Dietetics Rounds
SERV0224,Vision Test
SERV0228,Acupuncture
SERV0232,Gait Training
SERV0233,Hydro Therapy
SERV0330,Annalepanam-Samamsa (Njavara Teppu )^
SERV0363,POP Cast (Ankle)
SERV0258,Lepam-Sarvanga **
SERV0347,Vasti-Asthapana-Kashaya samamsa^
SERV0128,Lepam-Sarvaga(Special)
SERV0205,Pathya Ahara
SERV0210,Sweda-SSPS(Mamsa Navara Kizhi) Ardhanga ^
SERV0229,Wax Therapy
SERV0234,Moist Therapy
SERV0257,Lepam Service ^
SERV0328,Yoni Abhyanga **
SERV0208,Sweda-SSPS(Mamsa Navara Kizhi) Sarvanga ^
SERV0331,Annalepanam (Njavara Teppu) Ardhanga ^
SERV0660,Amalgam Restorations
SERV0009,Extra Leach
SERV0663,Composite Veneer
SERV0664,Miracle Mix
SERV0670,Surgery Per apical
SERV0683,Stainless steel crowns- primary
SERV0684,Stainless steel crowns- Permanent
SERV0685,Strip Crowns
SERV0738,Intra oral Periapical(IOPA)
SERV0739,Soap Water Enema
SERV0740,Advanced Neuro Rehablitation
SERV0742,Re Anterior RCT
SERV0747,Sweda-SSPS(Navara Kizhi)-Karna^
SERV0744,Yoni Vrana Parisheka^
SERV0745,Ksharalepa - Corns & Warts (S)
SERV0004,Dhoomapanam **
SERV0037,Vasti-Shiro**
SERV0160,Vasti-Jala **
SERV0109,Lepam-Sthanika **
SERV0067,Kavalam **
SERV0748,Inlay
SERV0746,Ksharalepa - Corns & Warts (M)
SERV0749,Molar RCT(PEDO)
SERV0750,Extraction ( PEDO)
SERV0307,Dhara-Taila-Shiro**
SERV0751,Utsadana (Sarvanga)^
SERV0752,Utsadana (Ardhanga)^
SERV0753,Utsadana (Ekanga)^
SERV0754,Sweda-TMPS(Tila Masha Pinda) Sarvanga^
SERV0755,Sweda-TMPS(Tila Masha Pinda) Ardhanga
SERV0756,Sweda-TMPS(Tila Masha Pinda) Ekanga^
SERV0757,Curettage-Quadrant
SERV0758,Oil application Ekanga with hot water fomentation^
SERV0759,Oil application Ardhanga with hot water fomentation^
SERV0760,Lepa all joints^
SERV0761,Neuro Rehablitation
SERV0762,Hemiplegia Rehab
SERV0763,Integrated Neuro Rehab
SERV0483,BPMT Blood Purification - Genral
SERV0485,BPMT Muscular refreshment - OP (Regular -6 sessions)
SERV0489,BPMT Oph - G2
SERV0494,BPMT Cleansing
SERV0764,Cystoscopy
SERV0635,VILI (Visual Inspection with Lugols Iodine )
SERV0765,Cyst Excision(Small)
SERV0766,Cyst Excision(Big)
SERV0768,Navajatha Parishekam^
SERV0771,ZIRCONIA ultimate
SERV0772,Temporary Crown
SERV0499,BPMT Arthritic -Specific
SERV0773,Zirconia Platinum
SERV0774,Zirconia classic
SERV0777,Vasti-Udara^
SERV0776,Permanent Retainers
SERV0775,Swedan-Special (GH Pack)
SERV0778,Occlusal Splint
SERV0779,Damons Ceramic Braces
SERV0780,Zirconia platinum plus
SERV0781,Maxillary impression
SERV0782,Mandibular Impression
SERV0783,Re Cementation
SERV0784,Mono crystalline ceramic brackets
SERV0785,GIC Restoration Pedo
SERV0661,GIC Restorations
SERV0662,Composite Restorations
SERV0667,Anterior RCT
SERV0669,Molar RCT
SERV0182,Udwarthana Ekanga **
SERV0671,Surgery Crown Lengthening
SERV0066,Gandoosham **
SERV0672,Surgery PRF
SERV0673,Biodentine
SERV0674,MTA
SERV0474,BPMT Neuro-Psychiatric - Specialized Support - Therapeutic
SERV0478,BPMT Arthritic and Pain Care - Whole Body Therapy
SERV0490,BPMT Neuro - G1
SERV0491,BPMT Neuro - G2
SERV0492,BPMT Oph - G1
SERV0675,Bleaching At Home (Per Tube)
SERV0680,Preventive Resin Restorations per tooth
SERV0681,Temporary Restorations
SERV0682,Pulpectomy
SERV0690,Habit Breaking Appliances -Removable
SERV0691,Habit Breaking Appliances-Fixed
SERV0692,Scaling
SERV0473,BPMT Neuro-Psychiatric - General Support - Therapeutic
SERV0693,Excision of the Lesion
SERV0211,Avagaha Sarvanga
SERV0495,Day Care [ Semi Pvt ]
SERV0439,Solid Diet
SERV0178,Ksheerapaka Special - 250 Ml
SERV0179,Ksheerapaka Special -500Ml
SERV0451,internet (7 days) with wifi
SERV0030,Vasti-Asthapana-Ksheera*
SERV0452,Internet (30 days) with wifi
SERV0057,Dhara-Dhanyamla-Ardhanga
SERV0028,Sweda-PPS(Elakizhi)-Sarvanga
SERV0493,BPMT N.Nourishing
SERV0694,Splinting/Wire/Composite(6 TEETH)
SERV0695,Splinting/Fibre/Composite
SERV0698,Complicated extractions
SERV0699,Impactions
SERV0471,BPMT Neuro-Psychiatric - Relaxation Therapy
SERV0700,Minor Surgical Procedures
SERV0207,Oushadha yoga Preperation
SERV0479,BPMT Arthritic and Pain Care - Arthritic Pain Relief
SERV0068,Nasyam**
SERV0440,Liquid Diet
SERV0082,Sweda-PPS(Elakizhi)-Ekanga
SERV0445,Amruth Magazine single edition
SERV0456,Manish
SERV0186,Sweda-JPS(Narangakizhi)-Ekanga
SERV0078,Sweda-CPS (Podikizhi )-Ardhanga
SERV0081,Sweda-Nadi-Ekanga
SERV0060,Dhara-Taila-Ekanga*
SERV0045,Udwarthana (Sarvanga)
SERV0701,Apexogenesis
SERV0702,Apexification Calcium Hydroxide
SERV0221,Sweda-Nadi-Ardhanga
SERV0034,Sweda-CPS (Podikizhi )-Ekanga
SERV0046,Udwarthana-Taila (Sarvanga)
SERV0040,Dhara-Takra-Shiro
SERV0185,Sweda-JPS(Narangakizhi)-Ardhanga
SERV0033,Sweda-CPS (Podikizhi)-Sarvanga
SERV0039,Dhara-Takra-Sarvanga++
SERV0226,Annalepanam-Samamsa Ardhanga (Njavara Teppu)
SERV0703,Apexification MTA
SERV0704,Depigmentation(Sextant)
SERV0705,Gingivectomy/Gingivoplasty(Sextant)
SERV0706,Flap Surgery(Quadrant)
SERV0707,Flap Surgery with Bone Grafts
SERV0709,Flap Surgery with Hemi section/Root section(Per Quadrant)
SERV0225,Annalepanam-Samamsa (Njavara Teppu)
SERV0015,Vasti-Kati*
SERV0222,Sweda-Nadi-Sarvanga
SERV0223,Vasti-Prushta
SERV0187,Avagaham with special kashaya
SERV0496,Day Care [ Single ]
SERV0241,Sweda-PPS(Elakizhi)-Ardhanga *
SERV0472,BPMT Neuro-Psychiatric - Interventional Therapy
SERV0481,BPMT Muscular refreshment - IP
SERV0212,Sweda-(Mamsa Kizhi) Ekanga
SERV0213,Sweda-(Mamsa Kizhi) Ardhanga
SERV0209,Sweda-SSPS(Mamsa Navara Kizhi) Ekanga
SERV0214,Sweda-(Mamsa Kizhi) Sarvanga
SERV0696,Operculectomy
SERV0697,Simple extractions
SERV0708,Flap Surgery with Bone Grafts and Membrane
SERV0711,Complete Denture
SERV0717,Full Veneer Metal(Per Unit)
SERV0344,Udwarthana-Kashaya (Ardhanga) **
SERV0121,Dhoopanam Ksheera
SERV0076,Avagaha-Pada*
SERV0099,Dhara-Kashaya-Ardhanga
SERV0013,Dhara-Kashaya-Ekanga
SERV0012,Dhara-Kashaya-Sarvanga
SERV0014,Dhara-Kashaya-Shiro
SERV0017,Dhara-Ksheera-Ekanga
SERV0018,Dhara-Ksheera-Shiro
SERV0016,Dhara-Ksheera -Sarvanga
SERV0041,Thalam*
SERV0130,Nasya-Pradamana
SERV0047,Upnaham-Sandhi*
SERV0025,Vasti-Asthapana-Kashaya
SERV0007,Vasti-Greeva*
SERV0087,Vasti-Janu Single) *
SERV0086,Sweda-Valuka-Ardhanga
SERV0085,Sweda-Valuka-Ekanga
SERV0084,Sweda-Valuka-Sarvanga
SERV0161,Tarpanam - Hastatala (Manicure)
SERV0048,Upnaham Samamsam Per Joint
SERV0193,Udwarthana-Kashaya (Ekanga)
SERV0101,Vasti-Anuvasana
SERV0089,Vasti-Uro(Hridaya)
SERV0020,Vasti-Uttara (Male)*
SERV0196,Vasti-Uttara (Female)
SERV0443,Internet (15 days)
SERV0444,Internet (30 days)
SERV0449,Internet (15 days) with wifi
SERV0450,internet (7 days)
SERV0027,Sweda-SSPS(Navara Kizhi)-Ekanga
SERV0488,BPMT Specialist Consultation
SERV0723,Implant Retained Complete Denture(Per Arch)
SERV0724,Denture Repair(Per Arch)
SERV0022,Vasti-Matra **
SERV0482,BPMT Muscular refreshment - Physiological Refreshment
SERV0484,BPMT Blood Purification - Comprehensive
SERV0486,BPMT Muscular refreshment - OP (Weekly - 4 sessions)
SERV0487,BPMT Relaxation / Rejuvenation (Weekend)- 2 days
SERV0503,BPMT medicated whole body steaming
SERV0008,Jalookavacharana (Leech Therapy)
SERV0726,Oburator
SERV0731,Resin Bonded Bridge
SERV0732,Removable Partial Denture(Single Arch)
SERV0264,Dhara-Takra-Ardhanga *
SERV0239,Dhara-Dhanyamla-Ekanga *
SERV0238,Dhara-Dhanyamala-Sarvanga *
SERV0267,Sweda-JPS(Narangakizhi)-Ekanga *
SERV0743,Re Premolar RCT
SERV0769,Diet Chart
SERV0244,Vasti-Asthapana-Kashaya*
SERV0243,Sweda-SSPS(Navara Kizhi)-Sarvanga *
SERV0240,Sweda-PPS(Elakizhi)-Sarvanga *
SERV0242,Sweda-PPS(Elakizhi)-Ekanga *
SERV0265,Dhara-Takra-Ekanga *
SERV0236,Abhyanga Ardhanga *
SERV0237,Abhyanga Ekanga *
SERV0250,Udwarthana-Taila (Sarvanga) *
SERV0262,Sweda-SSPS(Navara Kizhi)-Ardhanga *
SERV0263,Sweda-SSPS(Navara Kizhi)-Ekanga *
SERV0261,Dhara-Dhanyamla-Ardhanga *
SERV0256,Lepam-Mukha (Facial) *
SERV0249,Udwarthana-Kashaya (Sarvanga) *
SERV0252,Dhara-Takra-Sarvanga *
SERV0080,Sweda-JPS (Narangakizhi)-Ardhanga
SERV0255,Dhara-Kashaya-Sarvanga *
SERV0235,Abhyanga *
SERV0246,Sweda-CPS (Podikizhi )-Ardhanga*
SERV0266,Sweda-JPS(Narangakizhi)-Ardhanga *
SERV0245,Sweda-CPS (Podikizhi)-Sarvanga *
SERV0006,Lepam-Mukha (Facial)
SERV0251,Dhara-Takra-Shiro *
SERV0247,Sweda-CPS (Podikizhi )-Ekanga *
SERV0248,Udwarthana (Sarvanga)*
SERV0254,Sweda-JPS(Narangakizhi)-Sarvanga *
SERV0376,Sweda-JPS(Narangakizhi)-Sarvanga ^
SERV0253,Lepam (Thalapodichil) - Shiro *
SERV0302,Dhara-Ksheera -Sarvanga**
SERV0282,Dhara-Kashaya-Sarvanga **
SERV0278,Dhara-Takra-Shiro **
SERV0279,Dhara-Takra-Sarvanga**
SERV0260,Nasya Pradamana **
SERV0270,Sweda-PPS(Elakizhi)-Sarvanga **
SERV0287,Sweda-PPS(Elakizhi)-Ekanga **
SERV0286,Sweda-PPS(Elakizhi)-Ardhanga **
SERV0281,Sweda-JPS(Narangakizhi)-Sarvanga **
SERV0288,Sweda-SSPS(Navara Kizhi)-Ardhanga **
SERV0289,Sweda-SSPS(Navara Kizhi)-Ekanga **
SERV0276,Udwarthana-Kashaya (Sarvanga) **
SERV0277,Udwarthana-Taila (Sarvanga) **
SERV0345,Udwarthana-Kashaya (Ekanga) **
SERV0083,Sweda-SSPS(Navara Kizhi)-Ardhanga
SERV0055,Annalepanam (Njavara Teppu)
SERV0710,Muciogingival Surgeries(Per Sextent)
SERV0058,Dhara-Ksheera-Ardhanga
SERV0192,Udwarthana-Kashaya (Ardhanga)
SERV0268,Abhyanga**
SERV0297,Dhara-Kashaya-Ardhanga **
SERV0298,Dhara-Kashaya-Ekanga**
SERV0299,Dhara-Kashaya-Shiro**
SERV0300,Dhara-Ksheera-Ardhanga**
SERV0306,Dhara-Taila-Ekanga**
SERV0305,Dhara-Taila-Ardhanga**
SERV0304,Dhara-Taila-Sarvanga**
SERV0291,Dhara-Takra-Ardhanga **
SERV0292,Dhara-Takra-Ekanga **
SERV0294,Sweda-JPS(Narangakizhi)-Ekanga **
SERV0290,Sweda-CPS (Podikizhi )-Ekanga **
SERV0308,Sweda-(Mamsa Kizhi) Sarvanga**
SERV0309,Sweda-(Mamsa Kizhi) Ardhanga**
SERV0311,Sweda-Nadi-Sarvanga**
SERV0310,Sweda-(Mamsa Kizhi) Ekanga**
SERV0312,Sweda-Nadi-Ardhanga**
SERV0340,Sweda-Valuka-Sarvanga**
SERV0714,Chair Side Relining(Soft Liner)
SERV0720,All Ceramic(Per Unit)-Monolith(Zr)
SERV0316,Tarpanam - Hastatala (Manicure)**
SERV0315,Tarpanam-Padatala (Pedicure)**
SERV0354,Kshara Sutra Changing
SERV0355,Lekhana(Scrapping)
SERV0356,Pulse Oxymeter / hr
SERV0357,Minor Gynaec Procedure
SERV0358,Chemical cautery
SERV0383,Sweda-CPS (Podikizhi )-Ardhanga^
SERV0271,Sweda-SSPS(Navara Kizhi)-Sarvanga **
SERV0359,POP Cast (Forearm)
SERV0360,POP Cast (UpperArm)
SERV0406,Pichu^
SERV0361,POP Cast (Femur)
SERV0368,Abhyanga ^
SERV0372,Udwarthana Kashaya (Sarvanga)^
SERV0371,Udwarthana (Sarvanga)^
SERV0712,Denture Relining(Single Arch)
SERV0373,Udwarthana-Taila (Sarvanga) ^
SERV0378,Udwarthana-Kashaya (Sarvanga) ^
SERV0377,Dhara-Kashaya-Sarvanga ^
SERV0713,Denture Rebasing(Single Arch)
SERV0715,Single Complete Denture(Permanent)
SERV0380,Sweda-PPS(Elakizhi)-Ekanga ^
SERV0716,Cast Partial Denture(Per Arch)
SERV0056,Bandana (Bandage) **
SERV0379,Sweda-PPS(Elakizhi)-Ardhanga ^
SERV0718,Ceramic Facing(Per Unit)
SERV0719,Ceramic Coverage(Per Unit)
SERV0721,All Ceramic(Per Unit)-E-Max
SERV0722,Re-Cementation(Per Unit)
SERV0725,Soft Splint
SERV0727,Heat cure Provisional Restoration
SERV0183,Udwarthana Ardhanga **
SERV0194,Udwarthana-Taila (Ardhanga) **
SERV0195,Udwarthana-Taila (Ekanga) **
SERV0728,Flexible RPD
SERV0369,Sweda-PPS-Sarvanga ^
SERV0171,Kavala
SERV0729,Precision Attachments(2 Unit Crown + 2 Unit RPD)
SERV0382,Sweda-SSPS(Navara Kizhi)-Ekanga ^
SERV0730,Veneers
SERV0381,Sweda-SSPS(Navara Kizhi)-Ardhanga ^
SERV0370,Sweda-SSPS(Navara Kizhi)-Sarvanga ^
SERV0733,Single Implant with Crown(Pfm plus Noris)
SERV0352,Sweda-SSPS(Mamsa Navara Kizhi) Ekanga ^
SERV0734,Single Implant with Crown(Full Ceramic)
SERV0735,Single Implant with Crown(Zirconia abutment)
SERV0275,Udwarthana (Sarvanga)**
SERV0375,Dhara-Takra-Sarvanga^
SERV0770,Implant Dentium per unit
SERV0353,Oushadha 6
SERV0374,Dhara-Takra-Shiro ^
SERV0736,Wart excision(small)
SERV0737,Wart excision(medium)
SERV0446,Thai Massage
SERV0390,Dhara-Kashaya-Shiro^
SERV0393,Dhara-Taila-Sarvanga^
SERV0394,Dhara-Taila-Ardhanga^
SERV0395,Dhara-Taila-Ekanga^
SERV0402,Vasti-Shiro^
SERV0447,Suction Machine inside room
SERV0448,Cu-T Removal
SERV0453,Padabhyanga ^
SERV0454,Out Reach Yoga Session
SERV0389,Dhara-Kashaya-Ekanga^
SERV0388,Dhara-Kashaya-Ardhanga ^
SERV0387,Avagaham-Sarvanga^
SERV0386,Sweda-JPS(Narangakizhi)-Ekanga ^
SERV0011,Anal Dilatation / Anal Infilteration / Dressing
SERV0094,Virechana Package - Classical
SERV0035,Abhyanga-Shiro ^
SERV0038,Sweda-Bashpa(Steam Bath) ^
SERV0043,Bandhana (Medium Wound)
SERV0049,Vamanam ^
SERV0051,Yoni Prakshalanam ^
SERV0052,Abhyanga-Ekanga ^
SERV0053,Abhyanga-Ardhanga ^
SERV0054,Abhyanga-Spl Marma Sarvanga^
SERV0063,Dhoopanam Karna ^
SERV0064,Pooranam Karna ^
SERV0069,Anjanam-Netra ^
SERV0181,Corn Scraping
SERV0019,Dhooma-Ksheera ^
SERV0392,Dhara-Ksheera -Sarvanga^
SERV0391,Dhara-Ksheera-Ardhanga^
SERV0385,Dhara-Takra-Ekanga ^
SERV0384,Dhara-Takra-Ardhanga ^
SERV0400,Tarpanam - Hastatala (Manicure)^
SERV0401,Vasti-Jala ^
SERV0184,dressing
SERV0188,Bandhana Small (upto 10 inches)
SERV0334,Vasti-Greeva^
SERV0335,Vasti-Kati^
SERV0404,Nasya^
SERV0405,Nasya Pradamana^
SERV0259,Lepam-Sarvaga(Special) **
SERV0295,Avagaham Ekanga**
SERV0296,Avagaha-Pada**
SERV0303,Dhara-Ksheera-Shiro^
SERV0319,Vasti-Anuvasana^
SERV0333,Avagaham with Dhanyamla ^
SERV0321,Oushadha 1
SERV0322,Oushadha 2
SERV0323,Oushadha 3
SERV0324,Oushadha 4
SERV0325,Oushadha 5
SERV0403,Sweda-CPS (Podikizhi )-Ekanga ^
SERV0313,Sweda-Nadi-Ekanga(medicated) ^
SERV0409,Dhoomapanam ^
SERV0320,Sweda-CPS (Podikizhi )-Ardhanga ^
SERV0274,Sweda-CPS (Podikizhi)-Sarvanga ^
SERV0318,Thalam^
SERV0283,Lepam-Mukha (Facial) ^
SERV0293,Sweda-JPS(Narangakizhi)-Ardhanga ^
SERV0272,Vasti-Asthapana-Kashaya^
SERV0280,Lepam (Thalapodichil) - Shiro ^
SERV0273,Vasti-Asthapana-Ksheera^
SERV0301,Dhara-Ksheera-Ekanga^
SERV0269,Dhara-Dhanyamala-Sarvanga ^
SERV0284,Dhara-Dhanyamla-Ardhanga ^
SERV0285,Dhara-Dhanyamla-Ekanga ^
SERV0314,Sweda-Putapakam-Netra**
SERV0326,Wound Debridement
SERV0327,Yoni - Sweda **
SERV0317,Upnaham Samamsam^
SERV0332,Annalepanam-Samamsa Ardhanga (Njavara Teppu)^
SERV0407,Gandoosham ^
SERV0408,Kavala ^
SERV0497,BPMT 3S (Sensory Stabilization Sovereignty)(7 Days)
SERV0429,Splint bandage change upperarm
SERV0506,BPMT whole body relaxation(7 days)
SERV0498,BPMT Third Eye Threshold therapeutic
SERV0512,BPMT Oordhwamoolaprakaranam
SERV0516,Oxygen Supply per Hr
SERV0517,Abhyanga-Netra ^
SERV0500,BPMT Sirosoukhya(Vibration Therapy)
SERV0441,Shashtika Lepa
SERV0526,Hip Bath
SERV0527,Abhyanga-Karna ^
SERV0432,Splint bandage change Ankle
SERV0529,Tarpanam-Netra - Mini ^
SERV0530,Tarpanam-Netra - Maha ^
SERV0507,BPMT BBR-2
SERV0430,Splint Bandage Change Forearm
SERV0501,BPMT Sirosoukhya
SERV0431,Splint bandage Change Femur
SERV0502,BPMT BOS(Body orientation support)
SERV0535,Abhyanga + Pooranam - KARNA
SERV0528,Sweda-SSPS(Navara Kizhi) - Netra ^
SERV0504,BPMT Therapeutic 21 days
SERV0433,Strpping of chest changs bandage
SERV0434,Strapping of fingers Change Bandage
SERV0436,Agnikarma(Moxibustion)
SERV0438,Oil Application ^
SERV0518,Annalepanam-Netra^
SERV0410,Lepam Ardhanga^
SERV0435,Vasti-Vankshana ^
SERV0532,Abhyanga + Annalepanam - NETRA
SERV0437,Oushadha 8
SERV0442,Oushadha 9
SERV0508,BPMT STC-1(Spinal Transmission correction)
SERV0509,BPMT NTS(Neuro Transmission support)
SERV0521,Pichu-Netra ^
SERV0522,Bandhana-Netra ^
SERV0510,BPMT NDC ( Neuro degeneration control)
SERV0523,Jalookavacharana - Netra (Leech Therapy) ^
SERV0524,Extra Leech ^
SERV0511,BPMT NDC-2 ( Neuro degeneration control)
SERV0533,Abhyanga + Dhoopanam + Pooranam - KARNA
SERV0534,Abhyanga + Dhoopanam- KARNA
SERV0426,Earwax Removal
SERV0427,Catheter/Ryle's tube clensing
SERV0428,Bladder wash
SERV0514,Vasti- Asthapana -Takra
SERV0515,Laghu Shankha Prakshalana(Salt Water)
SERV0525,Jalookavacharana (Leech Therapy) ^
SERV0520,Sweda-PPS-Karna ^
SERV0531,Abhyanga + Sweda-SSPS(Navara Kizhi) - NETRA
SERV0164,kashaya DS
SERV0165,Mamsa Rasa
SERV0166,Panaka
SERV0189,Bandhana Medium (upto 50 inches)
SERV0190,Bandhana Large (more than 50 inches)5
SERV0191,Additional Yoga Consultation
SERV0197,Vasti-Janu (Both) ^
SERV0198,Ksheerapaka Special -1200Ml
SERV0199,Eggwhite Preperation
SERV0542,BPMT Vibration Therapy
SERV0543,BPMT NTC(Neuro Transmission Correction)
SERV0539,Sebaceous cyst excision
SERV0540,Ear keloid excision
SERV0541,Sweda-PPS (Eye)
SERV0536,Aschyotanam(Prakshalanam) + Bandhana - NETRA
SERV0537,Dhara-Kashaya + Aschyotanam(Prakshalanam) - NETRA
SERV0538,Dhara-Kashaya+ Aschyotanam(Prakshalanam) + Bandhana - NETRA
SERV0544,BPMT STC-2(Spinal Transmission correction)7Days
SERV0145,TENs therapy
SERV0146,Laser Therapy
SERV0147,Mobilization
SERV0148,Chest Physiotherapy
SERV0149,UltraSonic Therapy + IFT
SERV0150,UltraSonic Therapy +TENs
SERV0547,BPMT Eye Pack
SERV0151,IFT + Shortwave
SERV0152,ultrasonic Therapy + Traction+IFT
SERV0153,UltraSonic Therapy +Shortwave + IFT
SERV0154,UltraSonic Therapy + Laser Therapy
SERV0155,Vastra Dhauti
SERV0156,Meditation
SERV0157,Trataka
SERV0158,Kunjal/Vamana Dhauti
SERV0159,Exercise Therapy
SERV0162,OT Charge
SERV0163,Kashaya
SERV0463,BPMT Music Therapy(Autism)
SERV0466,BPMT Gandhamadhana Kriya
SERV0467,BPMT Medicated Body Steam
SERV0468,BPMT Medicated dhoomapan
SERV0554,BPMT Neuro Relaxation (Therapeutic)
SERV0559,BPMT Neuro/Psychiatry Categoryb -1 (Serve Issues)
SERV0558,Lepam-Special (Mud Pack)
SERV0560,BPMT Back Pain Therapy
SERV0457,Sweda-Nadi-Ardhanga (medicated)^
SERV0458,Sweda-Nadi-Sarvanga (medicated)^
SERV0561,BPMT Arthritic and Pain Care - Spec
SERV0562,BPMT Pain Care - General
SERV0563,De-Stress And Relaxation Program Weekend
SERV0460,Annalepanam (ekanga)
SERV0464,Sweda-SSPS(Navara Kizhi)-Netra Samamsa
SERV0462,Speech Therapy
SERV0469,BPMT Third Eye Threshold(Refreshment)
SERV0470,BPMT Kayasoukhya
SERV0555,Naturopathy Cold Hip Bath
SERV0556,Naturopathy Cold Immersion Bath
SERV0557,Naturopathy under water massage
SERV0564,Hot Hip Bath With ESPSOM Salt
SERV0455,Dhara-Kashaya-Netra ^
SERV0475,BPMT Neuro-Psychiatric - Exclusive
SERV0459,Upanaham-Special
SERV0476,BPMT Backbone & Spinal Support - BBR
SERV0461,Guda Varti
SERV0480,BPMT Arthritic and Pain Care - General
SERV0545,BPMT 3S (Therapeutic)7 Days
SERV0546,BPMT Kayasoukhya Steaming
SERV0548,BPMT Music Therapy (Live)
SERV0549,BPMT Koumudikriya(7 Days)
SERV0550,BPMT Therapeutic Support For Autism
SERV0551,BPMT Neuro Relaxation Therapy(7 Days)
SERV0552,BPMT Movement Therapy (Initiation of 3 Days)
SERV0553,BPMT Neuro/Psychiatry Normal Support
SERV0597,Long wave Therapy
SERV0598,Shoulder Wheel Therapy
SERV0599,Qadriceps Therapy
SERV0600,Patient Lifting Therapy
SERV0601,Recumbent Bike
SERV0602,Vacuum Dressing
SERV0138,Moderate Surgical/ParaSurgical Procedure
SERV0139,Major Surgical/ParaSurgical Procedure
SERV0140,Partial Fistulectomy and primary threading
SERV0141,Ultra sonic Therapy
SERV0142,IFT
SERV0143,Stimulation
SERV0144,Shortwave Therapy
SERV0167,Paneeya
SERV0168,kalka
SERV0169,Swarasa
SERV0170,Phanta
SERV0172,Ksheerapaka
SERV0173,Ksheerapaka DS
SERV0174,Takra
SERV0176,Antenatal Yoga
SERV0177,Postnatal yoga
SERV0180,Mantha
SERV0565,Neutral Immersion Bath
SERV0566,Hot Immersion Bath With ESPSOM Salt
SERV0567,Naturopathy A
SERV0568,Naturopathy B
SERV0569,Naturopathy C
SERV0570,Ascitis Tapping
SERV0571,LT Charges
SERV0572,Baby Care
SERV0573,Gyneacologist
SERV0574,Peadiatric Charges
SERV0595,Physio Ball Therapy1/2 Hr
SERV0596,Physio Ball Therapy 1 hr
SERV0398,Sweda-Nadi-Ardhanga^
SERV0397,Sweda-Nadi-Sarvanga^
SERV0399,Tarpanam-Padatala (Pedicure)^
SERV0396,Dhara-Taila-Shiro^
SERV0589,Wart excision(large)
SERV0580,Cyst Excision(medium)
SERV0583,Avagaham-Ano rectal^
SERV0575,Sweda-CPS-netra
SERV0587,Upanaham-Ardhanga ^
SERV0594,Flush therapy
SERV0576,Sebaceous cyst excision(Major OT)
SERV0577,Incision & Drainage- Medium
SERV0578,Incision & Drainage- Big
SERV0579,Seevana Karma (Suturing) /Suture-Extra Stich
SERV0581,Kshara sutra ligation followed by excision( Minor OT)
SERV0582,Eye Kit
SERV0584,steam inhalation
SERV0585,Cathetirization
SERV0586,Suction machine usage / Hour
SERV0588,Copper-T Removal
SERV0590,Copper-T Insertion
SERV0591,MAD - Agnikarma
SERV0592,Kshara sutra ligation
SERV0593,Yoni Dhupana^^
