0.008005	0.008839	-0.007661	-0.006556	0.002733	0.006042	0.001882	0.000423	-0.007207	0.004437	-0.008713	0.002499	-0.001503	-0.001914	-0.006631	-0.003764	0.005159	0.006051	0.005938	0.003195	0.00309	-0.007605	-0.008192	0.009939	0.007603	0.00618	-0.001208	0.008031	-0.00099	0.001469	-0.000298	-0.005966	0.002625	-0.002675	-0.007651	0.009508	0.008759	-0.00219	-0.000452	0.001018	-0.007275	-0.008014	0.009109	0.000126	-0.005165	-0.006084	-0.006153	0.003394	0.000403	0.002662
-0.144186	-0.177106	0.572663	0.16206	-0.054892	-0.455011	0.173843	0.283491	0.445567	-0.126879	0.144846	-0.079018	-0.154796	0.30359	-0.354415	0.025371	0.348919	0.02187	0.059178	0.716191	-0.08965	-0.011588	0.255622	-0.134883	-0.336962	0.200463	-0.320613	0.258496	0.23393	0.4615	-0.076763	0.134775	-0.078133	-0.109069	-0.013192	0.167536	0.22379	0.201392	0.219088	0.15157	-0.090288	-0.382503	-0.332344	-0.205081	0.089454	0.161696	0.07865	0.384324	0.129426	0.009524
-0.08342	-0.219184	0.544672	0.019601	-0.061215	-0.335797	-0.03508	0.234268	0.119998	-0.175724	0.196276	-0.007018	-0.127231	0.420657	-0.390057	-0.020757	0.245464	-0.031949	0.289851	0.604026	-0.03447	0.016589	0.303124	-0.298977	-0.30661	0.030693	-0.342391	0.031787	0.111309	0.330642	-0.122613	0.21181	-0.300245	-0.213376	-0.048052	0.25493	0.186134	0.219819	0.263017	-0.006483	-0.042974	-0.130909	-0.176874	-0.232941	-0.069804	0.235093	0.09912	0.072195	-0.01042	0.066105
-0.602274	0.269349	-0.120006	0.470784	-0.055004	0.358502	-0.084401	-0.049997	-0.452921	-0.505639	-0.588878	-0.403599	0.14199	-0.383335	0.101173	0.216069	0.112024	0.289103	0.440176	0.382557	-0.405629	-0.514371	-0.161655	0.147303	-0.076933	-0.040466	-0.357648	-0.433011	0.417655	-0.130763	-0.249494	0.149375	-0.614937	-0.332847	0.112116	0.584631	0.710038	0.25395	0.207478	-0.099696	-0.332663	0.359099	-0.50653	0.11508	-0.160892	0.249358	-0.055542	0.146047	-0.322118	-0.291783
-0.442957	0.2159	0.303512	0.157789	-0.263483	0.046824	0.313377	0.323378	-0.118045	-0.117022	0.108241	-0.147703	-0.107284	-0.135919	-0.433335	0.111586	0.24262	0.20048	0.395944	0.800254	-0.223001	-0.24295	0.257125	0.230115	-0.536247	0.273724	-0.282568	-0.036972	-0.168237	0.327443	0.05493	0.022262	-0.398138	-0.074264	-0.076067	0.249649	0.379403	-0.074043	-0.050063	0.224929	0.11742	-0.169856	-0.252167	0.0786	0.036371	0.506276	0.161745	0.581854	-0.345978	-0.244924
-0.027298	-0.188514	-0.071514	-0.017219	0.531201	-0.348163	-0.195464	-0.326485	0.764818	-0.002262	-0.305241	-0.174209	0.04376	0.027586	0.351561	-0.494257	0.488697	-0.109122	0.51394	0.366349	-0.762174	-0.228802	0.417348	-0.546298	-0.189162	-0.46544	-0.924587	-0.072751	0.148683	-0.083075	0.130174	0.445412	-0.412056	0.150083	0.609974	0.961033	0.665113	-0.156597	0.256861	-0.329458	0.030296	0.219652	-0.077087	-0.457027	0.321543	-0.605433	-0.229948	-0.277031	-0.274152	0.50328
-0.32153	0.038545	0.06891	-0.079667	-0.089777	-0.106326	0.053253	0.05024	-0.106187	-0.222751	-0.472579	-0.274543	0.027228	-0.088436	-0.153727	-0.0785	0.09205	0.09036	0.285439	0.15077	-0.202775	-0.193109	-0.167757	0.06436	-0.250721	0.154794	-0.281841	-0.078773	0.354854	0.104583	-0.182573	0.057963	-0.387911	0.048206	0.049973	0.382351	0.564127	0.098572	0.070874	0.114466	0.096461	0.301058	-0.407418	0.076909	-0.222893	0.040522	-0.132574	0.027895	-0.018006	-0.303661
-0.041738	-0.090437	0.270743	0.036599	-0.068746	-0.183952	-0.034817	0.357161	0.125605	-0.175078	-0.061914	-0.030008	-0.008766	0.076373	-0.192599	-0.016988	0.18397	0.102695	0.20319	0.478987	-0.044233	-0.124127	0.134812	-0.127337	-0.282258	0.101698	-0.266269	-0.001761	0.114255	0.176647	-0.06831	0.137149	-0.22134	-0.085957	-0.008815	0.244118	0.362421	0.255232	0.141773	0.079944	0.04629	-0.090668	-0.211057	0.031848	0.004349	0.185589	0.04354	0.147012	0.031383	-0.100505
-0.140692	0.018245	0.159683	0.368469	0.383825	-0.209907	-0.336019	0.81409	0.261823	-0.066468	0.030096	0.225374	-0.223065	-0.002941	-0.411185	0.050287	0.516406	0.328222	0.350931	0.898573	-0.233733	-0.226502	0.637764	-0.435351	-0.007514	0.030871	-0.665701	-0.251027	0.494427	0.524303	-0.015885	0.241017	-0.159497	-0.049787	-0.308777	0.078471	0.655975	0.785035	0.030337	-0.06417	-0.241843	-0.448759	-0.158965	0.064422	0.345251	-0.017166	0.424533	-0.049314	-0.232235	0.118114
-0.308858	0.16903	0.00716	-0.048799	-0.133929	-0.00519	0.199167	0.301566	-0.04533	-0.23064	-0.351539	-0.280481	-0.044339	-0.106731	-0.326264	-0.13564	-0.029592	0.153917	0.159304	0.347874	-0.084754	-0.250437	0.003813	0.251111	-0.468997	0.262816	-0.213793	-0.167873	0.174614	0.285983	-0.178462	0.077042	-0.297187	-0.067653	-0.10446	0.235104	0.400691	0.029469	-0.104319	0.320102	0.052904	0.085031	-0.289429	0.017817	-0.215118	0.07352	0.020919	0.187468	-0.214111	-0.241859
-0.084697	0.053274	0.149914	0.403703	0.4443	-0.23864	-0.419705	0.83951	0.259116	-0.084744	0.052827	0.233198	-0.261675	-0.016581	-0.373227	-0.029693	0.593319	0.294393	0.342705	0.939692	-0.244347	-0.21248	0.731789	-0.510761	-0.019359	0.045493	-0.794113	-0.253881	0.493535	0.550967	0.021932	0.232313	-0.145918	-0.083506	-0.340037	0.115357	0.751713	0.83882	0.075301	-0.113884	-0.225189	-0.526083	-0.084312	0.092331	0.444037	-0.040811	0.454046	-0.043176	-0.260825	0.131004
0.088484	-0.345446	0.718136	0.114152	0.431157	-0.505772	0.048243	0.078268	0.051257	-0.05709	-0.388597	-0.368717	-0.114323	0.643877	-0.080873	-0.445659	0.275912	0.124382	0.425101	0.524398	0.08561	-0.167893	0.237723	0.236893	0.039163	0.047245	-0.109572	0.418652	0.155184	0.460863	-0.081009	0.389302	-0.297096	-0.063229	0.103062	0.455496	0.425285	0.149877	0.373305	0.297058	-0.020622	-0.082157	-0.403626	-0.334125	0.274247	0.075186	0.232479	0.026253	0.340515	-0.301805
0.330298	-0.148896	0.107335	-0.364139	-0.107814	0.10336	-0.272682	-0.044458	0.177849	0.207281	-0.443997	-0.044846	-0.158913	0.236637	-0.086561	-0.204624	0.207485	0.142373	-0.211639	0.557485	-0.01566	-0.480769	0.257521	0.109617	-0.367909	-0.050296	-0.242103	-0.123787	-0.12812	0.011849	0.033433	0.331887	-0.54599	0.205744	0.286	0.443116	0.514915	0.040287	-0.008144	-0.091769	0.23379	0.14844	-0.449147	0.028147	-0.105568	0.201159	-0.231555	0.18764	-0.024825	0.024497
-0.358694	0.104798	0.210621	0.053972	-0.058209	0.083166	0.149475	0.239739	-0.021428	-0.360484	-0.296462	-0.227838	-0.099435	-0.18453	-0.201208	0.173999	0.145314	0.139162	0.160155	0.461881	-0.169258	-0.225135	0.123372	0.048669	-0.283736	0.095342	-0.280478	-0.113633	0.186495	0.170012	-0.176335	0.128603	-0.337313	-0.203493	-0.003333	0.266265	0.288786	0.214436	0.141132	0.237398	-0.106461	0.26554	-0.403418	-0.168457	-0.293497	0.137103	-0.063715	0.250332	-0.166321	-0.088612
-0.010864	-0.034235	0.306867	-0.057379	-0.02875	-0.082706	-0.057554	0.149313	0.262684	-0.042398	-0.122689	-0.069588	-0.055686	0.021925	-0.160599	-0.201804	0.195634	0.173076	0.30955	0.413909	-0.164325	-0.274949	0.394136	-0.016916	-0.313201	0.109853	-0.183892	-0.082821	0.251864	0.314344	-0.148656	0.320707	-0.222071	0.007709	-0.081606	0.403277	0.279846	0.12896	-0.002373	0.210136	-0.010947	0.119356	-0.270584	-0.271656	-0.049333	0.149146	0.059686	0.18862	-0.102499	-0.103796
-0.750907	0.104055	-0.358544	0.099522	-0.010851	-0.375362	0.270221	-0.026223	0.543915	-0.20846	-0.483868	-0.126126	0.266916	-0.229769	-0.512147	-0.625486	-0.084565	-0.257892	0.43641	0.270456	-0.139441	-0.091999	-0.344689	-0.522699	-1.138253	0.214638	-0.70234	-0.526602	0.433003	-0.258445	-0.35148	0.301273	0.218773	-0.431944	-0.146402	1.007065	0.720852	0.775987	0.63991	0.022529	-0.188112	0.103647	0.127454	0.261999	0.280479	-0.459761	-0.648186	0.250457	-0.50869	0.410591
-0.007445	-0.204608	0.442906	-0.374926	0.307146	-0.106375	-0.263665	-0.260211	-0.024204	-0.156971	-0.527325	-0.549951	-0.209585	0.399138	-0.124138	-0.383127	0.030434	-0.001735	0.147637	0.701782	-0.358868	-0.090135	0.216616	0.243699	-0.394212	-0.286397	0.005989	-0.365545	0.314878	0.300969	-0.328781	0.630186	-0.590281	-0.071584	0.063387	0.360116	0.425083	-0.351952	-0.165991	0.226084	-0.019792	0.111486	-0.651902	-0.428722	0.121181	-0.116619	0.013557	0.028187	0.012413	-0.408375
-0.123557	-0.054623	0.071546	-0.008159	-0.214706	-0.148473	0.334704	0.146776	0.301397	0.08563	-0.326205	0.011923	0.099824	-0.205465	-0.117776	-0.233592	0.072253	0.212222	0.33425	0.360523	-0.185046	-0.495994	0.086573	-0.295174	-0.405215	0.183907	-0.254294	-0.069083	0.24365	0.046902	-0.09292	0.174118	-0.059193	0.009147	0.066523	0.632195	0.289363	0.337596	0.0859	0.18809	-0.011823	0.071681	-0.066228	-0.187805	-0.073975	0.039656	-0.200539	0.180046	-0.030742	0.130492
-0.146003	-0.008987	0.091462	0.055113	0.072175	-0.058885	0.171253	0.288871	0.234836	-0.043861	-0.266954	-0.102339	0.04327	-0.156956	-0.130968	-0.011497	0.186002	0.123274	0.264457	0.455612	-0.212176	-0.30526	0.152329	-0.176725	-0.25088	0.108965	-0.284946	-0.114129	0.28925	0.05074	-0.052304	0.182563	-0.147358	-0.056015	0.055668	0.409258	0.456533	0.418589	-0.015969	0.094232	-0.011427	-0.005027	-0.149643	0.032288	0.077974	0.062335	-0.063298	0.201252	-0.130765	0.006659
0.131945	-0.223356	-0.082427	0.006607	0.353852	-0.200869	0.28942	0.448161	0.148346	0.196231	-0.531981	-0.230348	0.099095	-0.143046	0.003273	0.096955	0.329477	0.167087	0.190309	0.575106	-0.150724	-0.456739	0.184549	-0.194078	-0.205888	0.345083	-0.174489	-0.270061	0.574132	0.093728	0.094427	0.204153	-0.160535	0.111828	0.230237	0.568034	0.406149	0.734231	-0.28799	0.215468	-0.010548	-0.04994	-0.168431	0.135855	0.166812	0.051364	-0.214776	0.290955	-0.037301	0.077319
-0.414179	0.025662	-0.055044	-0.057954	-0.068104	-0.006132	0.157065	0.166713	0.037952	-0.230216	-0.445632	-0.242386	0.008626	-0.279293	-0.232496	-0.195263	0.1072	0.171428	0.246749	0.349648	-0.174328	-0.26106	-0.058013	-0.003421	-0.400051	0.143949	-0.261882	-0.209995	0.239888	0.030389	-0.145413	0.18698	-0.207202	-0.0013	-0.124941	0.480995	0.456721	0.339472	0.168066	0.119426	-0.109518	0.245676	-0.186137	-0.004478	-0.158371	0.046815	-0.215712	0.211119	-0.178948	-0.021463
-0.202277	-0.145432	0.065714	0.041676	-0.144894	-0.121454	0.147246	0.310952	0.304783	-0.098421	-0.231971	-0.219258	0.067876	0.080935	-0.484359	-0.327045	-0.081276	0.255703	0.238857	0.277272	0.091899	-0.328008	0.138706	-0.288458	-0.670106	0.360551	-0.323871	-0.121898	0.198411	-0.092945	-0.096701	0.222945	-0.242065	-0.179365	0.139321	0.54589	0.165676	0.295688	0.28738	0.070238	-0.064163	0.116323	0.152566	-0.184679	-0.233384	0.019354	-0.348207	0.040359	0.07203	0.185066
-0.296307	-0.069668	0.054553	0.031173	0.019148	0.124342	0.318031	0.203521	-0.176417	0.036721	-0.509059	-0.121399	0.158413	-0.185136	-0.078285	-0.012992	-0.035466	0.059127	0.191458	0.467917	-0.098944	-0.400788	0.060765	-0.065259	-0.35369	0.356678	-0.344491	-0.082632	0.044322	0.104933	0.077828	0.053899	-0.454563	0.116773	0.164708	0.500408	0.419809	0.016496	-0.142826	0.197004	0.357751	0.374534	-0.472077	-0.060857	-0.39614	0.159552	-0.202001	0.157721	0.007728	-0.190868
-0.143809	-0.262765	0.082361	-0.247677	0.029095	0.284922	0.185552	0.290881	0.343986	-0.157889	-0.492835	-0.339254	0.020421	-0.141958	-0.212224	-0.103406	0.070767	-0.261484	0.193041	0.548804	-0.351981	-0.55642	-0.207031	0.086811	-0.47759	-0.026211	-0.507767	-0.042233	-0.122477	-0.292715	-0.232367	0.363277	-0.138006	-0.008035	0.157852	0.809899	0.705801	-0.074991	0.065172	-0.098845	0.407143	0.140128	-0.102718	0.207819	0.140092	-0.138488	-0.254953	0.336613	-0.066483	0.050553
0.150087	0.302635	0.937405	0.316614	-0.397812	-0.33347	-0.263339	-0.240826	0.489093	0.220684	-0.332333	0.506907	0.289566	0.058923	0.128264	-0.467897	0.400017	-0.176142	0.378444	0.438644	-0.728763	-0.87867	0.443006	-0.349202	-0.172467	-0.099573	-0.631598	0.379889	0.069134	0.524023	-0.055994	0.351387	-0.190434	-0.16024	0.549397	0.739121	0.116987	0.082338	0.650782	0.715592	0.253297	0.139088	-0.342388	-0.707356	-0.013295	0.041754	-0.129972	0.156562	0.169822	0.150937
0.196421	-0.348447	0.489464	0.377793	0.381566	-0.371047	-0.109976	0.004713	0.068686	-0.307152	-0.293788	-0.363162	0.110324	0.539486	0.211246	-0.320716	0.334634	-0.11432	0.291694	0.460746	-0.07785	-0.005988	-0.036557	-0.027386	-0.214267	-0.038758	-0.433577	0.274982	0.310683	0.324518	0.06393	0.197083	-0.388206	-0.572261	0.154694	0.434738	0.724764	0.347568	0.593661	0.123459	0.01791	-0.120002	-0.158201	0.016518	0.129418	-0.020234	0.351649	0.390532	0.287724	-0.086519
0.162126	-0.052585	0.022637	-0.430662	0.031092	0.414599	-0.321336	-0.001402	-0.155093	-0.259433	-0.541291	-0.267188	-0.26413	0.534369	-0.375143	-0.374065	-0.037694	-0.146491	-0.276552	1.013165	-0.284008	-0.466183	0.216256	0.016173	-0.812836	-0.22069	-0.387705	-0.341957	-0.121604	-0.096907	-0.014526	0.526057	-0.86943	-0.021167	0.373614	0.726448	0.405409	-0.205927	0.124198	-0.169628	0.726702	0.016113	-0.211794	-0.006625	-0.171029	0.069308	-0.075391	0.428992	-0.251045	-0.393241
-0.395368	0.139001	0.320388	-0.184692	0.169414	-0.120489	0.110655	-0.024024	0.161762	-0.20025	-0.265953	-0.20869	0.184525	-0.083117	-0.206112	-0.163908	-0.040543	0.246117	0.432092	0.178901	0.134348	-0.232077	0.14987	-0.14807	-0.260372	0.298095	-0.190548	0.156413	-0.008551	0.245567	-0.345116	0.194406	-0.265759	0.092603	0.010221	0.517922	0.376037	0.370041	0.425065	-0.055174	-0.154673	0.192682	-0.008958	-0.141489	0.064987	0.075481	0.055657	-0.120094	0.0163	-0.181787
-0.112218	-0.12367	0.235327	-0.265443	0.028869	-0.264169	-0.055637	0.194229	0.037072	-0.283169	-0.402699	-0.284361	-0.178402	0.003496	-0.231021	-0.234361	-0.032567	0.304183	0.208735	0.16543	-0.120847	-0.127442	-0.065849	-0.025646	-0.351697	0.364544	-0.345392	0.024828	0.329063	0.26761	-0.139957	0.141666	-0.31677	0.131477	-0.095335	0.202985	0.65006	0.314959	-0.072379	0.208827	0.131622	0.159167	-0.40963	0.012767	-0.35854	0.056712	-0.186312	-0.047804	0.09363	-0.271619
-0.358553	0.441673	0.020889	-0.075088	-0.229778	0.201682	0.303383	0.19685	0.093284	-0.057313	-0.009931	0.150744	0.060575	-0.012609	-0.402167	-0.096138	-0.142953	0.252265	0.473527	0.348337	-0.238806	-0.600281	0.082083	-0.174747	-0.474405	0.02172	-0.450653	0.107334	0.052703	-0.028291	0.099542	-0.073712	-0.592717	-0.149025	0.367347	0.486141	0.267843	0.134715	0.047588	0.615374	0.221844	-0.091324	-0.106759	0.067392	-0.075023	0.492226	0.114675	0.304415	-0.132287	-0.248099
-0.141151	-0.059341	0.524474	-0.124889	0.025875	-0.318784	0.024197	0.411303	0.02414	0.190093	-0.159548	0.071457	-0.087308	0.223076	-0.507542	0.066476	0.161272	0.342644	0.189773	0.696515	-0.260595	-0.455793	0.157789	-0.170699	-0.328015	0.22383	-0.242384	0.033465	0.052853	0.589595	0.037816	0.400835	-0.32102	0.19738	-0.083202	0.139206	0.133458	0.098745	0.028839	0.045858	0.193252	0.028024	-0.268569	-0.25739	-0.177331	0.153679	0.023526	0.097497	-0.112098	0.099322
-0.095232	0.715176	0.627717	-0.253961	-0.034533	-0.270317	-0.029231	-0.053722	0.554642	-0.242372	-0.126949	0.394744	-0.1544	-0.093848	-0.203999	-0.242221	0.099234	0.098197	0.228167	0.308611	-0.305067	-1.048969	0.537207	-0.491914	-0.557401	0.001638	-0.470073	0.373616	0.010628	0.077307	0.221582	0.207257	-0.30837	-0.380255	0.49943	0.275361	0.116198	0.405997	0.506729	0.917085	-0.206884	0.089086	-0.082006	-0.323786	-0.32637	0.385239	-0.333726	0.044103	-0.066416	0.250323
-0.173045	0.06514	0.188256	-0.127582	-0.026	-0.15128	0.015875	0.101518	0.205667	-0.108539	-0.271538	-0.064565	0.014556	0.009723	-0.140708	-0.295117	0.095911	0.105273	0.278589	0.290138	-0.142644	-0.367133	0.091046	-0.187859	-0.301979	-0.009964	-0.32794	-0.035149	0.224667	0.166202	-0.073657	0.169052	-0.250639	-0.116094	0.052195	0.406549	0.431131	0.269001	0.25309	0.17727	0.031768	0.148604	-0.202915	-0.210955	-0.115356	0.061535	-0.0623	-0.001528	-0.068733	-0.095364
-0.252595	-0.004655	0.044238	0.008453	0.040784	-0.087909	0.044562	0.108881	0.139503	-0.173419	-0.313001	-0.207623	0.021546	0.018836	-0.115177	-0.244034	0.022454	0.06618	0.216933	0.337788	-0.162623	-0.201702	0.033502	-0.103486	-0.415987	0.09592	-0.306165	-0.167411	0.296713	0.026308	-0.187349	0.17916	-0.241291	-0.131286	-0.000157	0.451296	0.513103	0.304554	0.188384	0.105365	-0.094819	0.035059	-0.204037	-0.040443	-0.044343	-0.095014	-0.094329	0.041372	-0.135947	-0.042208
-0.015873	0.161365	0.254233	0.083025	-0.158299	-0.072792	0.050612	0.220341	0.211581	0.024884	-0.167384	0.109482	-0.075043	-0.050275	-0.102339	-0.108616	0.219098	0.27502	0.314311	0.273586	-0.285828	-0.224428	0.248199	-0.240899	-0.597234	-0.106482	-0.366218	-0.154158	0.153435	0.179031	-0.211358	0.173122	-0.3443	-0.188042	0.023592	0.407791	0.295067	0.294226	0.082542	0.313751	0.235523	0.083429	-0.18087	0.053215	-0.246367	0.082374	0.127487	0.272519	-0.177366	-0.08485
-0.021451	0.01396	0.504611	0.191685	0.211044	-0.361329	-0.12787	0.707018	0.422699	0.010344	0.065816	0.39399	-0.183949	0.167885	-0.617232	0.028046	0.362937	0.320512	0.42195	0.692372	-0.276183	-0.533303	0.474657	-0.36234	-0.074321	-0.039714	-0.512351	-0.138491	0.335054	0.761746	-0.05527	0.406067	-0.186978	-0.025535	-0.162363	0.121068	0.319111	0.534013	-0.000776	0.225334	-0.125049	-0.242807	-0.340015	-0.111683	0.015775	0.095313	0.402077	-0.180473	-0.148005	0.051048
-0.108868	0.009184	0.240133	-0.054473	-0.061659	-0.074585	-0.000141	0.107182	0.253077	-0.055622	-0.247387	-0.034491	0.02139	-0.024159	-0.115882	-0.222125	0.164233	0.126026	0.251307	0.400616	-0.277263	-0.319001	0.222316	-0.120696	-0.314846	0.015794	-0.275108	-0.065815	0.195716	0.13765	-0.12437	0.276667	-0.263561	-0.018681	0.067074	0.441006	0.386012	0.135703	0.099853	0.144436	0.090814	0.116448	-0.217026	-0.229933	-0.007125	0.011152	-0.018872	0.078285	-0.068115	-0.064218
-0.642639	-0.241496	-0.052459	-0.53879	-0.422491	-0.497429	0.292826	0.427113	0.688747	-0.419931	-0.368969	0.405241	0.009494	0.513027	-0.490715	0.016272	0.262275	-0.124062	-0.161594	0.618031	-0.259348	-0.238667	-0.033096	-0.621068	-0.190265	0.556619	-0.783884	0.45223	0.087344	0.146238	0.20876	0.003058	-0.58732	0.073085	0.473331	0.186822	1.047041	0.405886	0.723867	-0.060423	0.152457	-0.347319	-0.592125	0.002702	-0.592332	0.633922	0.251979	-0.028598	-0.421446	-0.182882
-0.156139	-0.042333	0.096909	-0.205263	-0.011477	-0.003454	0.224741	0.161953	0.383924	-0.209636	-0.227335	-0.105764	-0.072698	0.028595	-0.272668	-0.148138	0.20327	0.290445	0.1494	0.375277	-0.248435	-0.292225	0.112017	-0.093372	-0.329646	-0.051796	-0.332855	-0.018036	0.227864	0.14342	-0.223258	0.222578	-0.456667	-0.170639	0.022663	0.441323	0.272956	0.216136	0.019066	0.158904	-0.051185	0.13115	-0.195186	-0.340498	-0.290616	0.153566	-0.042162	-0.016944	0.117568	-0.045174
-0.062805	0.07047	0.492344	-0.046792	0.026802	-0.324103	-0.253378	0.051717	0.385009	-0.401664	-0.323267	0.029477	0.015696	0.024453	-0.046508	-0.150514	-0.114056	-0.128137	0.157229	0.325795	-0.262191	-0.462445	0.465316	-0.286606	-0.592536	-0.098585	-0.080016	0.073071	0.116668	0.206481	-0.206744	0.020968	-0.155202	-0.193318	0.162639	0.379849	0.404339	0.402773	0.264006	0.502839	-0.296032	0.042617	-0.450246	-0.244615	-0.475247	0.098017	-0.198134	0.352207	-0.122811	-0.066273
-0.282795	0.037225	0.357233	-0.331832	-0.025	-0.291238	0.34841	0.110762	0.323318	-0.090819	-0.194348	-0.264554	-0.220448	-0.065088	-0.397518	-0.524542	-0.045278	0.07598	0.492623	0.417487	-0.113111	-0.284327	0.372421	-0.063659	-0.350773	-0.069151	-0.278159	-0.071828	0.371754	0.011823	-0.227135	0.082684	-0.185035	0.209797	-0.198475	0.792753	0.447157	-0.044814	0.185493	-0.073137	0.162732	0.216393	-0.14082	-0.386353	-0.078424	-0.055681	-0.005415	0.308638	-0.070877	-0.261106
-0.328364	-0.051965	0.526651	-0.18588	-0.154903	-0.320964	0.247545	0.27609	-0.102648	-0.35553	-0.258373	-0.393051	-0.024027	0.088498	-0.201078	-0.000731	0.32158	-0.178383	0.492708	0.684463	-0.179625	-0.010525	0.154253	0.170112	-0.480072	-0.056144	-0.16664	-0.250577	-0.006107	0.127092	-0.132214	0.269649	-0.555317	-0.12203	-0.097246	0.24965	0.292873	0.118994	0.289774	0.027777	0.267769	0.195934	-0.376913	-0.042334	-0.008318	0.165909	-0.147201	0.238568	-0.198238	-0.143143
-0.133415	-0.036161	0.050642	-0.045312	0.048236	-0.079151	0.094041	0.391263	0.014415	0.094577	-0.032812	0.084311	-0.109654	0.11407	-0.187058	-0.086872	0.22575	0.165197	0.330205	0.566693	-0.039852	-0.254942	0.155755	-0.351881	-0.408821	0.086626	-0.498101	-0.188512	0.05819	0.190061	0.103407	-0.049233	-0.312826	-0.098477	0.00637	0.391129	0.591055	0.308645	0.088879	0.129912	0.014629	-0.154168	-0.258207	-0.043441	-0.162961	0.203045	0.206304	0.277875	-0.351967	0.061892
-0.106048	-0.008069	0.15035	-0.018504	0.008383	-0.124742	-0.008053	0.227242	0.170119	-0.126573	-0.253334	-0.047288	-0.046467	0.02682	-0.182374	-0.103863	0.161805	0.127138	0.268008	0.400918	-0.148162	-0.249517	0.17413	-0.064505	-0.311823	0.086752	-0.273638	-0.095279	0.226929	0.202244	-0.104915	0.192007	-0.304919	-0.039079	-0.006496	0.338673	0.358579	0.229609	0.083942	0.086191	-0.006203	0.039893	-0.205387	-0.101802	-0.080189	0.085023	-0.001123	0.094211	-0.071529	-0.055577
-0.475711	0.395135	0.286075	-0.12292	-0.219585	0.050336	0.428339	0.278925	0.937751	-0.41639	-0.102514	0.011293	-0.205251	0.131769	-0.563923	-0.031196	-0.01931	0.627329	0.198182	0.503667	-0.33717	-0.760176	0.195677	-0.278809	-0.151657	0.130404	-0.253542	0.100844	0.455171	0.092125	-0.125412	0.391401	-0.493754	-0.556005	0.377474	0.247174	0.111307	0.531417	-0.069228	0.594603	-0.341486	0.106528	-0.107621	-0.658815	-0.328209	0.160193	0.162337	-0.138465	0.035141	-0.02985
-0.02599	-0.096437	0.205396	0.139523	-0.028481	-0.182257	-0.168038	0.230064	0.20563	-0.185241	-0.130586	0.077395	-0.177886	0.062013	-0.160128	0.035985	0.282783	0.158214	0.329716	0.490855	-0.156672	-0.215655	0.016096	-0.233323	-0.123281	0.173363	-0.392441	-0.069013	0.114377	0.164732	-0.221622	0.118851	-0.479189	0.004391	-0.016015	0.346396	0.584921	0.325975	0.052296	0.18732	0.02471	0.064451	-0.308172	-0.031853	-0.22958	0.218078	0.030286	0.069381	-0.041999	-0.112154
-0.056145	-0.058583	0.198507	-0.079923	0.025262	-0.13482	-0.036807	0.177398	0.192713	-0.072508	-0.227497	-0.036144	-0.068592	0.044403	-0.109277	-0.148056	0.204884	0.105793	0.209007	0.439413	-0.169788	-0.30151	0.212342	-0.12532	-0.295679	0.013649	-0.289067	-0.131079	0.226198	0.215651	-0.121868	0.180113	-0.292162	-0.038976	-0.028991	0.408724	0.431483	0.225244	0.123463	0.069341	0.022179	-0.033639	-0.255513	-0.097741	-0.080153	0.051321	-0.013732	0.063385	-0.081122	-0.060346
-0.453525	0.144819	0.201049	0.24483	0.187524	-0.247219	0.310137	0.190424	0.536533	0.221706	-0.485107	-0.192223	-0.218855	-0.054674	-0.631827	0.09233	0.184032	0.474144	0.342151	0.81136	-0.025519	-0.02956	0.251614	0.044969	-0.613771	0.413626	-0.247983	-0.250098	-0.014843	0.52274	0.176412	-0.000614	-0.417713	0.223456	0.463718	0.743697	0.782461	0.606499	-0.147292	-0.166561	0.145388	0.151022	0.108114	-0.128546	-0.066095	0.226661	-0.462726	0.398948	-0.073787	-0.14486
-0.305553	-0.090287	0.016588	-0.084271	-0.009573	-0.048133	0.192733	0.248433	0.103612	-0.17068	-0.384373	-0.213749	-0.01739	-0.044933	-0.174908	-0.266207	0.037133	0.12485	0.312722	0.390503	-0.127326	-0.190978	0.004522	-0.06302	-0.545879	0.04739	-0.359761	-0.296889	0.29905	0.023947	-0.180709	0.298459	-0.347211	-0.050971	-0.050614	0.598062	0.523395	0.122906	0.222624	0.0432	-0.050437	0.075492	-0.167598	-0.121654	-0.054002	-0.12683	-0.299937	0.057522	-0.018906	-0.012958
-0.084306	-0.08971	0.201431	0.090902	0.030751	-0.129057	-0.213853	0.214164	0.224213	-0.209591	-0.332945	-0.09197	0.099348	0.209338	-0.202232	-0.034388	0.040727	0.024683	0.207901	0.352658	-0.184199	-0.327506	0.28388	-0.282706	-0.361013	0.149607	-0.386636	0.041539	0.288052	0.116319	-0.14531	0.028702	-0.320029	-0.173934	0.182575	0.414835	0.233287	0.311704	0.41108	0.139437	-0.035796	0.026742	-0.29869	-0.192466	-0.242277	-0.037431	-0.078641	0.241439	-0.047044	-0.04937
-0.236845	-0.065594	0.050705	-0.064615	-0.00981	-0.160268	0.165025	0.213215	0.282054	-0.203303	-0.316246	-0.092185	0.043125	-0.047222	-0.14511	-0.108397	0.127674	0.051089	0.201423	0.447193	-0.16994	-0.187655	-0.009906	-0.182591	-0.391981	0.161564	-0.388808	-0.058613	0.196334	0.070915	-0.121225	0.14287	-0.153689	-0.038409	0.013714	0.485799	0.55136	0.287901	0.206502	-0.008793	0.017143	-0.010218	-0.220526	-0.013476	-0.038833	0.018981	-0.116182	0.15884	-0.099771	-0.01818
-0.088302	-0.003312	0.243834	-0.429436	-0.213115	-0.410033	0.049981	0.026826	0.032309	-0.184124	-0.294639	-0.364294	0.03717	0.285114	-0.359329	-0.320042	0.201648	0.226668	0.155805	0.26894	0.014861	-0.220584	-0.140748	-0.063445	-0.424522	0.22224	-0.559868	0.037088	0.467981	0.499481	-0.093404	-0.057168	-0.345774	-0.070443	0.024902	0.141909	0.778108	0.224053	0.085028	0.416034	0.087208	0.219125	-0.263869	0.103575	-0.245431	0.151624	-0.110711	0.218968	0.057154	-0.208479
-0.155607	-0.041739	0.166331	-0.200506	-0.042015	-0.129495	0.064138	0.161266	0.246766	-0.178563	-0.409346	-0.243292	-0.069304	0.068574	-0.168993	-0.188677	0.088472	0.238299	0.222086	0.54368	-0.306628	-0.248261	0.016589	-0.020014	-0.399964	-0.139721	-0.273926	-0.115396	0.266269	0.14761	-0.26925	0.296139	-0.399851	0.040071	-0.08047	0.436569	0.53992	0.085824	-0.07384	0.099696	0.022158	-0.045766	-0.163656	-0.269511	-0.159549	0.135298	-0.01411	-0.060502	0.051724	-0.177562
-0.164062	0.066217	0.242756	-0.096438	-0.099794	-0.216224	0.003467	0.090964	0.166705	-0.189173	-0.288317	-0.037687	-0.016493	0.099958	-0.180613	-0.154537	0.132859	-0.013729	0.271277	0.400985	-0.203834	-0.305996	0.140065	-0.073166	-0.437203	0.034551	-0.33544	-0.066893	0.140664	0.188922	-0.020997	0.203062	-0.273288	-0.073197	0.071284	0.388189	0.4077	0.21209	0.233297	0.207935	0.060513	0.020001	-0.200264	-0.113116	-0.095988	0.116238	-0.052993	0.159047	-0.0107	-0.111357
-0.031966	-0.223788	-0.057807	-0.083667	0.157079	-0.016321	-0.002347	0.317225	0.116632	-0.503097	-0.367628	-0.052414	-0.325287	-0.235053	-0.125315	-0.204376	0.075763	0.287218	0.470462	0.550135	-0.331484	-0.195991	-0.054226	-0.312362	-0.55243	0.212939	-0.325052	-0.05394	0.559669	0.09699	0.006974	0.073161	-0.175437	-0.028887	-0.112701	0.474061	0.779766	0.224679	0.215252	0.039438	0.065683	0.179974	-0.31709	-0.048082	-0.347475	-0.123417	-0.289987	-0.053187	-0.087491	-0.197164
-0.174444	0.038606	0.268081	-0.150073	-0.043377	-0.216396	0.151652	0.118492	0.285798	-0.116289	-0.216967	-0.046205	-0.087684	0.028196	-0.24472	-0.267777	0.129208	0.075084	0.316573	0.470901	-0.151849	-0.339377	0.281667	-0.122172	-0.424119	0.02814	-0.331618	0.047015	0.14189	0.137314	-0.043395	0.143016	-0.253304	0.014675	0.022297	0.467865	0.419644	0.107903	0.185409	0.158808	0.091596	0.002802	-0.167942	-0.20966	-0.034757	0.055566	-0.060369	0.200493	-0.059257	-0.056065
0.110948	0.075316	0.205118	0.420669	0.335673	0.053872	-0.292072	0.058488	-0.288063	-0.382471	-0.394367	-0.214217	0.014422	0.264787	0.219382	0.106133	0.196493	0.23238	0.391708	0.260963	-0.43158	-0.145956	0.066557	-0.132126	-0.918883	-0.121116	-0.478259	-0.29043	0.499812	-0.048172	-0.232354	-0.101538	-1.030934	-0.564671	0.341226	0.691384	0.679675	0.851245	0.616638	0.148872	0.018923	-0.278233	-0.115786	-0.045269	-0.334591	-0.085883	0.003613	0.366966	0.017019	-0.250853
-0.188606	0.014729	0.120981	0.095373	0.078843	-0.080772	-0.003788	0.218367	0.14106	-0.156976	-0.256744	-0.080718	-0.067618	-0.023305	-0.197228	-0.067161	0.181589	0.140403	0.254981	0.458897	-0.171676	-0.243937	0.112784	-0.137135	-0.279823	0.067795	-0.377745	-0.147339	0.263797	0.176808	-0.111459	0.13713	-0.269093	-0.09813	-0.020585	0.383518	0.509302	0.338566	0.132696	0.046165	-0.062892	0.007916	-0.227795	-0.029877	-0.053128	0.013071	-0.014477	0.087563	-0.095771	-0.056382
-0.024908	0.080781	0.373276	-0.162974	0.025889	-0.293818	0.064901	0.272043	0.169473	-0.20451	-0.338274	-0.209879	0.007688	0.115795	-0.250677	-0.119468	0.415639	0.112972	0.24319	0.655187	-0.119834	-0.480284	0.220375	-0.19047	-0.441105	0.187023	-0.408993	-0.030333	-0.004203	0.211294	-0.021627	0.047785	-0.418916	-0.19702	-0.13817	0.566868	0.478267	0.287586	0.290725	0.196834	-0.05397	0.003797	-0.388498	-0.117576	-0.061998	-0.071911	0.023648	0.03938	0.121669	-0.172614
-0.436866	-0.111277	0.034227	0.022641	0.121201	0.000855	0.089768	0.126413	0.665556	-0.425641	-0.467204	-0.267091	-0.130663	-0.310715	-0.177464	-0.03492	0.386078	-0.229334	-0.104224	0.262466	0.084016	-0.194013	-0.458768	0.037006	-0.983015	0.259261	-0.810478	-0.246194	0.299096	0.323632	-0.551561	0.021824	-0.48741	-0.457828	-0.148447	0.793101	0.528848	0.476658	0.642617	0.549538	0.225707	-0.012213	-0.622504	0.236832	-0.238151	-0.270688	-0.254718	0.617269	-0.205423	-0.155302
0.057529	0.079216	0.737328	0.344581	-0.336424	-0.550954	0.2589	0.451344	0.509406	-0.195789	-0.085926	-0.100276	-0.208901	0.098595	-0.418075	-0.4997	0.035572	0.15049	0.385001	0.498948	-0.385089	-0.489007	-0.13485	0.210963	-0.416413	0.01152	-0.151179	0.232808	-0.122488	0.069944	-0.308799	0.092657	-0.288589	0.21428	0.031509	0.448083	0.521549	0.262147	0.486838	0.092681	0.078386	-0.32242	-0.235892	0.045844	-0.104573	0.201073	-0.288516	0.326977	0.21464	-0.136782
-0.069353	0.054013	-0.021029	-0.121267	-0.211957	0.032889	-0.205726	0.222371	-0.069712	-0.242556	-0.304409	-0.01904	0.067117	0.543678	-0.167345	-0.456583	0.053792	-0.08026	0.157133	0.723195	-0.254149	-0.351511	-0.030715	0.004318	-0.754483	-0.101289	-0.427869	-0.31242	0.196108	0.035427	0.049453	0.504753	-0.538095	-0.333738	0.309879	0.536595	0.487173	0.330025	0.383346	0.04166	0.448006	0.119723	-0.091191	-0.094136	0.001852	0.184697	-0.000764	0.019519	0.08931	-0.163711
0.115865	0.09131	0.460663	0.27488	0.220447	-0.605756	-0.255734	0.389326	0.562776	0.02392	-0.30636	-0.164385	0.006762	0.062346	-0.307952	-0.459509	0.429731	0.047333	0.26982	0.401508	-0.152994	-0.386702	0.022123	-0.281392	-0.3368	-0.12545	-0.522584	-0.346533	0.316813	0.502135	-0.299044	-0.110842	-0.520548	-0.230567	0.037632	0.046276	0.786387	0.383683	0.223248	-0.221897	-0.164882	-0.41668	-0.154164	0.131056	0.235418	0.108109	0.42229	-0.085267	-0.105331	0.174473
-0.225103	-0.008512	0.186288	-0.075848	0.062922	-0.185941	-0.028683	0.136992	0.145653	-0.175835	-0.285778	-0.178537	0.021929	0.128931	-0.181806	-0.079115	0.207113	0.158834	0.233774	0.400004	-0.12587	-0.227059	0.113538	-0.083579	-0.334051	0.079835	-0.281232	-0.069912	0.326155	0.201924	-0.131418	0.108565	-0.402191	-0.060896	0.05051	0.394564	0.443872	0.164428	0.138463	0.120427	0.023447	0.047989	-0.258127	-0.029279	-0.157709	0.010168	-0.100756	0.088151	0.009896	-0.181538
-0.082911	-0.069093	0.141554	-0.084238	0.052148	-0.17405	-0.03357	0.058009	0.278779	-0.110104	-0.277867	-0.063301	-0.008435	0.039194	-0.037452	-0.192976	0.168257	0.067533	0.228719	0.359751	-0.26016	-0.281687	0.166717	-0.1951	-0.347319	-0.0675	-0.451278	-0.063227	0.178247	0.073881	-0.086747	0.197502	-0.308123	0.021978	0.147416	0.480233	0.473979	0.156047	0.177361	0.056792	0.042394	0.09648	-0.157477	-0.134348	-0.035978	-0.070048	-0.119896	0.025194	-0.083107	0.060888
0.092001	-0.069502	0.293244	-0.190736	0.029918	-0.008415	-0.064071	0.063078	0.312884	-0.07822	-0.314984	-0.172503	-0.072144	-0.043539	-0.223078	-0.339644	0.259157	0.292637	0.303189	0.358813	-0.336794	-0.522871	0.44732	-0.158358	-0.510747	-0.03283	-0.335489	-0.163946	0.086058	0.252829	-0.19139	0.389508	-0.257519	-0.043699	0.024695	0.70796	0.299196	0.184733	0.167161	0.325464	0.107063	0.1557	-0.139764	-0.179772	-0.321725	0.067433	-0.024496	0.235843	0.027836	-0.06104
-0.048015	0.036373	0.284766	-0.117459	-0.178912	-0.142801	0.065151	0.205395	0.394763	-0.063031	-0.371747	-0.003385	0.026257	0.062434	-0.158987	-0.23692	0.20629	0.088809	0.250603	0.528271	-0.329722	-0.441076	0.097777	-0.086825	-0.37996	0.046299	-0.439236	0.002089	0.23108	0.228994	-0.102554	0.229723	-0.349746	-0.050604	0.063351	0.538098	0.458369	0.258038	0.171866	0.140644	0.039458	0.050612	-0.261063	-0.317814	-0.12514	0.172449	0.00402	0.042514	0.032097	-0.086868
0.10054	-0.276065	0.31855	-0.362406	-0.242495	-0.14198	0.081477	0.437104	0.56287	-0.193812	-0.18771	0.022925	-0.116235	0.269902	-0.225854	-0.001504	0.275014	0.281803	-0.003745	0.677588	-0.012931	-0.445157	0.081063	0.04151	-0.270938	-0.120931	-0.735106	-0.155488	0.268031	0.001803	-0.23445	0.081263	-0.653525	0.095246	-0.128141	0.513564	0.788971	0.304152	0.098062	-0.053887	-0.021036	-0.064474	-0.530487	-0.162318	-0.129124	0.02424	-0.151205	0.369319	-0.001135	0.072568
-0.13271	0.020323	0.232718	0.001488	-0.023445	-0.087348	0.009245	0.0939	0.145325	-0.137031	-0.276975	-0.122454	-0.005048	-0.010936	-0.105991	-0.134926	0.178395	0.128808	0.256536	0.440458	-0.250112	-0.346893	0.137416	-0.051829	-0.316797	0.025618	-0.326679	-0.099977	0.183777	0.154707	-0.132844	0.204826	-0.357677	-0.071154	0.082014	0.438497	0.408137	0.179198	0.142878	0.152197	0.014154	0.076283	-0.247744	-0.166046	-0.102714	0.106707	-0.060829	0.11031	-0.082066	-0.088884
-0.187638	0.055227	0.114989	0.087956	-0.050016	-0.136321	0.251478	0.142671	0.109089	-0.156821	-0.392272	-0.033481	-0.144602	-0.116206	-0.08295	-0.272659	0.193065	0.164444	0.430607	0.52593	-0.149789	-0.390682	0.036538	-0.181446	-0.442367	0.194959	-0.345674	-0.249456	0.372666	0.196988	-0.330513	0.055689	-0.483995	-0.032614	-0.121859	0.615814	0.608978	0.19001	0.130944	0.065669	-0.094962	-0.023342	-0.356149	-0.182023	-0.060477	0.008874	-0.040873	0.064293	-0.264409	-0.227154
-0.112869	-0.106011	0.246421	-0.04367	-0.03388	-0.132776	-0.00139	0.172585	0.212705	-0.140018	-0.300906	-0.092765	0.009774	0.105943	-0.26491	-0.179288	0.133089	0.081417	0.202597	0.49839	-0.106557	-0.333382	0.161085	-0.112922	-0.48069	0.108458	-0.347449	-0.086795	0.15986	0.131875	-0.115876	0.158823	-0.334629	-0.079531	0.142026	0.462467	0.415653	0.179191	0.261817	0.157613	0.107824	0.051878	-0.252527	-0.114247	-0.150173	0.119047	-0.093761	0.128708	-0.02821	-0.068568
-0.145068	-0.038185	0.182493	-0.061487	-0.00438	-0.164791	0.044128	0.207908	0.213053	-0.126892	-0.271746	-0.057338	-0.084997	0.021	-0.169219	-0.141906	0.194105	0.169772	0.264145	0.451216	-0.192424	-0.296079	0.14693	-0.140636	-0.319429	0.050233	-0.349193	-0.12565	0.239665	0.1693	-0.108568	0.161322	-0.301334	-0.065349	-0.02188	0.441625	0.489374	0.276169	0.147914	0.062938	0.00014	-0.017211	-0.235262	-0.090907	-0.098965	0.075458	-0.038067	0.081652	-0.075554	-0.048444
-0.114976	-0.002712	0.422588	-0.04459	-0.088458	-0.35127	-0.095015	0.173079	0.224022	-0.317874	-0.440482	-0.096989	0.142141	0.008759	-0.334897	-0.282299	0.443957	0.11801	0.37954	0.642167	-0.34728	-0.370974	0.326865	-0.196617	-0.568226	0.229598	-0.543772	0.003114	0.054204	0.230546	-0.132251	0.088636	-0.518021	-0.240775	-0.060615	0.440244	0.506852	0.291183	0.310766	0.21232	0.087072	0.14519	-0.363965	-0.288357	-0.209666	0.231434	0.172123	0.215421	0.043066	-0.105713
-0.251279	0.010194	0.298079	-0.206401	-0.131654	-0.008899	-0.180391	-0.093472	0.26924	0.013425	-0.789336	0.050549	0.188396	0.416509	-0.404532	-0.06555	0.570786	0.342885	0.006004	0.974989	-0.055044	-0.811597	0.20017	-0.072205	-0.817258	-0.270283	-0.445418	-0.240573	0.120147	0.288108	-0.074995	0.428351	-0.773212	0.203426	0.45015	0.665061	0.683979	0.245127	0.21638	-0.250951	0.284349	-0.041369	-0.699782	-0.109815	-0.406087	0.435052	-0.329751	0.110653	-0.178473	0.10836
-0.141095	0.086232	0.394219	0.129784	-0.019138	-0.165263	0.024028	0.074979	0.195594	-0.087254	-0.379939	0.048331	-0.036657	0.044507	-0.130784	-0.191175	0.29342	0.09814	0.373246	0.55383	-0.293702	-0.41573	0.167766	-0.243834	-0.366609	0.067085	-0.39861	-0.100851	0.230898	0.281884	-0.209886	0.191493	-0.482313	-0.057128	0.0424	0.59647	0.583846	0.187843	0.208572	0.197146	0.006507	0.056812	-0.37109	-0.286362	-0.059315	0.040817	-0.022247	0.135088	-0.156074	-0.119291
-0.142574	0.063849	0.279576	-0.014203	0.028582	-0.182865	-0.114748	0.293454	0.182868	-0.089002	-0.350719	-0.013351	-0.016756	0.010413	-0.271999	-0.152824	0.318527	0.147148	0.205155	0.539409	-0.180772	-0.373152	0.227658	-0.133529	-0.308119	0.135526	-0.449208	-0.063865	0.15198	0.221066	-0.042587	0.236791	-0.339161	-0.085785	-0.024259	0.486312	0.495752	0.388575	0.143716	0.104592	0.100864	0.007953	-0.304677	-0.11005	-0.003639	0.013318	0.004817	0.04326	-0.066028	-0.113215
-0.170903	0.056184	0.215154	-0.051313	-0.0036	-0.153298	0.053203	0.120606	0.22338	-0.099234	-0.264078	-0.060149	-0.033478	0.060675	-0.260382	-0.201209	0.173139	0.079066	0.23734	0.464522	-0.187009	-0.329223	0.107066	-0.079346	-0.420862	0.073914	-0.376837	-0.059191	0.178115	0.183114	-0.082572	0.125156	-0.387077	-0.064195	0.064812	0.459967	0.487416	0.20358	0.195765	0.143153	0.093051	-0.003585	-0.235423	-0.071522	-0.136944	0.107129	-0.02161	0.129849	-0.056143	-0.088558
-0.162106	-0.068006	0.245372	0.043827	0.10982	-0.167899	-0.02199	0.165263	0.243218	-0.242142	-0.308281	-0.204466	-0.080251	0.100686	-0.05692	-0.408177	0.163162	0.15624	0.383986	0.453579	-0.250334	-0.377448	0.048818	-0.233487	-0.28993	-0.086524	-0.418332	-0.022348	0.208516	0.263092	-0.088622	0.186155	-0.386088	-0.237645	0.023898	0.683791	0.674923	0.28944	0.345277	0.030736	0.062581	0.037605	-0.29838	-0.178326	-0.090989	-0.063965	0.078551	0.068039	-0.124845	-0.07073
-0.138824	0.081271	0.206903	-0.069004	-0.028253	-0.095314	0.046228	0.147477	0.182873	-0.125393	-0.250606	-0.02065	-0.054727	0.02371	-0.171236	-0.120834	0.126035	0.10791	0.229879	0.377555	-0.182907	-0.353354	0.152284	-0.126773	-0.353093	0.056547	-0.313494	-0.031066	0.152025	0.13175	-0.067784	0.130602	-0.32471	-0.066187	0.094251	0.370276	0.382301	0.22233	0.172198	0.199238	0.032098	0.043568	-0.216063	-0.087258	-0.122555	0.108174	-0.077944	0.11506	-0.052432	-0.032224
-0.077656	-0.129343	0.247137	-0.162148	0.092211	-0.000574	0.044155	0.251679	0.170949	-0.231264	-0.423908	-0.169917	-0.154606	0.216483	-0.333837	-0.21554	0.239155	0.006136	0.203012	0.713924	-0.251115	-0.394312	0.140697	-0.074915	-0.526035	-0.035484	-0.549906	-0.109101	0.158062	0.043159	-0.171065	0.311943	-0.488092	-0.089751	0.187504	0.702747	0.596892	0.335731	0.267421	0.095216	0.160453	-0.036237	-0.167097	-0.165602	-0.127476	0.081316	-0.069892	0.161821	0.030488	-0.177629
-0.1528	0.075051	0.286507	-0.078925	0.002935	-0.217179	0.03526	0.159501	0.231559	-0.144693	-0.276871	-0.050493	0.001152	0.030798	-0.248407	-0.150446	0.189605	0.120595	0.272094	0.590562	-0.270799	-0.373113	0.185435	-0.19805	-0.459397	0.102184	-0.455383	0.012219	0.164833	0.219693	-0.094206	0.176716	-0.446349	-0.058621	0.144754	0.486162	0.565372	0.272476	0.243151	0.17509	0.098913	0.044148	-0.330434	-0.113171	-0.136322	0.131728	-0.027556	0.153715	-0.04308	-0.02603
-0.221718	-0.01565	0.117823	-0.057356	-0.112808	-0.213011	0.178936	0.30299	0.366517	-0.188422	-0.324463	-0.08123	0.031107	0.149769	-0.304588	-0.220206	0.083974	0.096621	0.260852	0.437476	-0.149815	-0.264381	0.079241	-0.122236	-0.476899	0.242202	-0.427822	-0.067783	0.219206	0.082876	-0.114318	0.128928	-0.342359	-0.13852	0.047317	0.498027	0.451172	0.31838	0.171099	0.082284	0.067614	0.007645	-0.157539	-0.175835	-0.197098	0.118491	-0.109651	0.068918	-0.187522	0.030824
-0.110963	-0.0183	0.149805	-0.036054	0.036658	-0.141678	0.017418	0.150689	0.188659	-0.084167	-0.251445	-0.076911	-0.023333	0.028378	-0.13974	-0.129156	0.142489	0.093271	0.192841	0.392038	-0.174147	-0.276009	0.114029	-0.122061	-0.321044	0.063255	-0.310883	-0.087765	0.158103	0.136508	-0.068562	0.160025	-0.283193	-0.036329	0.074916	0.370158	0.381781	0.211129	0.120047	0.083176	0.044441	0.02638	-0.191029	-0.086528	-0.074764	0.042896	-0.061123	0.105014	-0.083465	-0.006661
-0.121117	0.026884	0.238944	-0.021825	-0.006411	-0.167188	-0.028968	0.16891	0.208195	-0.173065	-0.267022	-0.052471	-0.015509	0.123014	-0.175552	-0.204354	0.160556	0.084347	0.246207	0.492943	-0.211188	-0.333284	0.172607	-0.146722	-0.410745	0.02002	-0.334778	-0.071716	0.203335	0.192922	-0.084564	0.192724	-0.360075	-0.116756	0.100395	0.437051	0.456084	0.255754	0.213479	0.146533	0.038626	0.026902	-0.245438	-0.131617	-0.104992	0.083056	-0.045817	0.12255	-0.041895	-0.076044
-0.164498	-0.011056	0.138942	-0.035221	-0.001485	-0.115219	0.067076	0.170104	0.195466	-0.148807	-0.286289	-0.09116	-0.006829	0.024031	-0.187349	-0.175174	0.133833	0.113173	0.238646	0.415359	-0.167802	-0.277723	0.083934	-0.126635	-0.404556	0.074157	-0.356925	-0.131568	0.209658	0.109427	-0.110708	0.176605	-0.315933	-0.085913	0.034447	0.466104	0.456295	0.25565	0.197228	0.088719	0.024034	0.021559	-0.200515	-0.083182	-0.064367	0.018786	-0.114759	0.123596	-0.05762	-0.038219
-0.154059	0.020486	0.261284	-0.035619	-0.027594	-0.144738	0.045099	0.196339	0.237622	-0.186938	-0.319499	-0.110569	-0.017221	0.07508	-0.244675	-0.190926	0.204634	0.149923	0.279238	0.554718	-0.200094	-0.375255	0.170737	-0.140218	-0.425901	0.101604	-0.438081	-0.096368	0.164483	0.206359	-0.118208	0.161544	-0.393901	-0.10575	0.059591	0.48638	0.498837	0.277869	0.216686	0.160408	0.054788	0.024112	-0.26038	-0.121525	-0.120792	0.077458	-0.019147	0.148996	-0.046463	-0.087769
-0.122804	0.006722	0.24854	0.000888	0.036179	-0.174649	0.078833	0.227383	0.240739	-0.13346	-0.329062	-0.083175	-0.022541	0.008318	-0.174704	-0.165233	0.168625	0.104499	0.286571	0.537484	-0.196712	-0.378035	0.182946	-0.180691	-0.407179	0.049317	-0.399439	-0.12248	0.266426	0.181277	-0.137226	0.178417	-0.402457	-0.093093	0.070226	0.492274	0.559923	0.349012	0.206559	0.11403	0.029553	0.055432	-0.252107	-0.097623	-0.06011	0.078076	-0.073191	0.123088	-0.063939	-0.028855
-0.105584	-0.002957	0.169232	-0.021934	0.010902	-0.131115	0.016419	0.161062	0.171262	-0.121876	-0.21857	-0.055516	-0.039419	0.043748	-0.174204	-0.120068	0.141409	0.090445	0.193263	0.388002	-0.145642	-0.239331	0.122738	-0.116132	-0.315451	0.036494	-0.303408	-0.07459	0.154502	0.142356	-0.079007	0.134955	-0.279023	-0.061258	0.044044	0.337166	0.367569	0.215152	0.149348	0.097415	0.043921	0.013326	-0.17893	-0.076628	-0.069008	0.058474	-0.029059	0.093456	-0.056139	-0.041236
-0.113012	0.006206	0.192901	-0.027568	0.008173	-0.118838	0.018712	0.155698	0.204858	-0.118579	-0.2486	-0.064869	-0.027522	0.049263	-0.180945	-0.133376	0.149441	0.080445	0.204716	0.389139	-0.178189	-0.283276	0.120607	-0.097738	-0.333632	0.047754	-0.32073	-0.061096	0.166247	0.134468	-0.086972	0.163715	-0.290763	-0.056737	0.076569	0.377677	0.394408	0.217445	0.147147	0.115437	0.048079	0.023147	-0.203643	-0.102827	-0.084986	0.058783	-0.029444	0.106556	-0.045536	-0.049735
-0.136957	-0.011813	0.182821	-0.036933	0.002674	-0.104552	0.014008	0.162284	0.180956	-0.13397	-0.257047	-0.088576	-0.03186	0.045736	-0.180858	-0.138068	0.15306	0.102856	0.217355	0.407715	-0.172508	-0.283502	0.10299	-0.10875	-0.348901	0.05477	-0.328557	-0.085735	0.167152	0.148463	-0.092207	0.169695	-0.318559	-0.082387	0.071026	0.396376	0.409401	0.20637	0.167869	0.10172	0.046678	0.022955	-0.200262	-0.084421	-0.083231	0.044964	-0.040923	0.112012	-0.060275	-0.056232
